channel,version,platform,hash
Stable,3.0.11 [Build: 1374563791],Windows,hQCwiLP5f4GIcDG5KQ1T+CNFGqRxyw5MXCHE8KjWRIgkjCuGSryK4vpPy70EURH3blQ8TKrax8BEorHlpnpdAQ==
Stable,3.0.11 [Build: 1374830986],Windows,PJvjEuApy2McckLGGnAgw8kB2FE+yb4J/TuUdaLj+x5JVghSBR5tKJDQklLurJrshKynWzYYtokrtgBxTAz5CA==
Stable,3.0.11 [Build: 1375083581],Windows,54wPDkfv0kT56UE0lv/LFkFJObH+Q4Irmo4Brfz1EcvjVhj8hJ+RCHcVTZsdKU2XvVvh+VLJpURulEHsAOsyBw==
Stable,3.0.11.1 [Build: 1375367141],Windows,2xNEoMd2TBeOj6PRSEftjE0fTSjq9dnqt8ttFVYdS3Kp9NHX/jBNycD3XCnNtsmHtHgQkczq1x2qQb1KFfg5Cw==
Stable,3.0.11.1 [Build: 1375773286],Windows,Qfvcn4uQmKETDsD4LbtdbZR8rDetJ26Z/bVbu5SZJjMjGlYEMSbJnR4PtOBshdMSEwEsAJf1G+5tjx+onm2fDA==
Stable,3.0.12 [Build: 1378199876],Windows,1uVn+Px0c733pYcYmid+3MwrJaq2KMIzvqIktMkICNhOYPViYfwUqTbFHMMx/CzLNKEevP57HyQ1TFdGdPU7BQ==
Stable,3.0.12 [Build: 1378301061],Windows,bbShDADD1HUCnPI7F4EG92k0L5qU3M+vsMOZu94xdMfw6Ru1mo6UZ/ctNnrDPHsFZjcSUPOV2myjurknhaUUCg==
Stable,3.0.12 [Build: 1378461722],Windows,3z7xnPRdMYJ3S+w6Jx7XyzpiXI2Cu+zSMG4Gr+F9cgKAWvdFp6dPvysT9bBtrkDWWL+hnZluCx/+1fmEcjXrAg==
Stable,3.0.12 [Build: 1378715177],Windows,x6wFA5xqjenf6kbAh36IC4CkrbT8/uSBpgjM9juSt9oxGCXLqHOC2oaYlB1zZSJZjT4sOrnp0M+uOdVjYCzLCg==
Stable,3.0.13 [Build: 1380008864],Windows,E/MlNft7LXOD5AdgVE8ekxWyrBXDXmfM+I2GDhUiOxlyIzXf0LLq7xtiq79yNqp1CLT3SYKFtIZhaT+YWUqKCw==
Stable,3.0.13 [Build: 1380283653],Windows,7dA+6EbVyMevol4gE3/Cu1WonRjqu1C6pTWF+txApbaiTgKtZ/ky+NVxluPkSDnCxXN1pOR4uGdF6B7LUqQgDQ==
Stable,3.0.13.1 [Build: 1382530211],Windows,bCIfLPUgTM6C0kNkesvhcxaDPvV9h6qLbYVy9cQVSP5lzaYebZaeDzAOOHsdjKcRTa6LU1oHEdz9D/d+2gxJCw==
Stable,3.0.14 [Build: 1387444094],Windows,3BFPkbf8KQ3udBXLoMpm41txWJ2M+vsKzXYVaBMCr4xSiPBcdnol8lUgrBLV3dNIHjGZlZXqmqtz+/qmsnu0Bw==
Stable,3.0.14 [Build: 1392643117],Windows,/k5bfFDSb0KBHNO5BBloS2vvVXu2S9iuxRa8L9prP+zbfR/EoGuzz1Vlpm/pxxeDQpcJ7oLog9wsdgBAF0nVAg==
Stable,3.0.14 [Build: 1393597517],Windows,vKRbu9Nf8d54bAEJAywHU9qIhpR89dvcmq0ff+Ak+umKqLKzMl02YwP9qx+oSgj5UQOpt9nMST/8puhHmD9QBQ==
Stable,3.0.14 [Build: 1394114560],Windows,mxBQYmj5bfirNWiVvbsFT8ybN2oov3CQ0fQmBpHWgBBJk9EM8NKmqMCpfpqVLFcubkCK7gs1hbYRXQ5DhuixBQ==
Stable,3.0.14 [Build: 1394624943],Windows,F0WIO9sBVzG893AtX2Jfd98cH6yZPAnfMBNvBlQbAIfvfyiq+cbjZ31AUngEjq7UPIYdnYSsdRX9hczwdBrKAQ==
Stable,3.0.15 [Build: 1401808190],Windows,Bo28W8+xHTRqVAiayKwRSmp1iojqY8NhhuhjSbvbovx9Mby8YNTWdY7/HHCfOt+nEYLhcGnxcssR0aJhShItAw==
Stable,3.0.15 [Build: 1402646489],Windows,Jv5wg8X7HZv2NwbAX8b9L5gyDFN3mPI1veCRV/IbxwvRVzS0PL1vvHqDJYfyjIsrtM0VPLBhnuF4PswmEdueBA==
Stable,3.0.15 [Build: 1403250090],Windows,FKKAHPwV1swKwH6mqHqdcGuYm8o5mZw4WreBxJrQjOprC3NXXcJviPe0p7EZPI810HOWMfmQRUgFpggoRL8kAQ==
Stable,3.0.15.1 [Build: 1405341092],Windows,b+hr0KQWOVW2WEn49BmNb08R9zimsJcThm2gEeF7EAgRUeUDYzeplh5HrHmda0ftbbnrzWV33U/GOo2LAs/rAg==
Stable,3.0.16 [Build: 1406898538],Windows,UoK5KLpRJfF9KnF9EURK8CbdI4WgjigfvVVgSUc9lokIvCpFTYwGuKfgL4oW8I1ldnzHTbs1Q0gtGcrzI0KwBQ==
Stable,3.0.16 [Build: 1407159763],Linux,8776GitHAgkFPfOLxEh5x+Luuh4NrYPEJUdsUzNKndcAuWMYjwQTZkmeZOeG/swdn/p2Cg2pRfZfsIFSOAUWCQ==
Stable,3.0.16 [Build: 1407159763],Windows,Y1DuQGXo/8/rYznEGyeQHgpvZMuiCH4FYm4QVyAgLYyMpNpc/LM7XetVWhDQxGsNejkN/2olI7GVJkt4X+ooDg==
Stable,3.0.17 [Build: 1437491062],Windows,zlKTIfyJfjeXw9tL9MJsu5RLqKf1RrcNC+c2MQyoVwYBiSMpGJJ8KAyKtyDdK6WiKM0iIF5vjCnYBXAun9dqCw==
Stable,3.0.17 [Build: 1437730067],Windows,JDOrqErAA93ukBMRfhI3pDqHbvIQcF9uHAJjZAlR9X1/1aESp9TDwatFAXqXF78OJA9EI+E5XTheL+BjXTwHCA==
Stable,3.0.17 [Build: 1438160323],Windows,TtQjq217fCW3emP2G6VECMsXRWsMyt8RDs1u7iPUlRUJvGN86REPvCRBnnF3T0nwfVsqqct40qxtLzhkkYwLCg==
Stable,3.0.17 [Build: 1438246387],Windows,K+aWgISXjmTdJYXD/lW9du+RAz3ss/3nMQeUhHK1mHEKKiPe9pI+uizi+yXSj3B4bKFOzTpmrUayHVO3aSL9Dg==
Stable,3.0.17 [Build: 1438673913],Windows,znDjHvCgmQF/jQKTK49X8tnXqF7AGXfS2XYcogww4XxNTBxp2tf1aFc/jgboKco9EuVa0ku2cf/xg9wW3Cm7AQ==
Stable,3.0.18 [Build: 1441371697],Windows,7uMCLHsNLl9pqL8m7foMBh4qsQZQ84eumhqWW7+A75WbQWFfN9XQ0f2UUEMzDQxbbLwWFuIO8XkzI90LbLG+Aw==
Stable,3.0.18 [Build: 1442498553],Windows,NTcB2oaqPYbZRFSIccNpPHr39SysqffsBRS+AmYicYxUhSj9lO1NWsRTLF9fQOyaCP3m+DAfUZfRgSG3Atv/Dw==
Stable,3.0.18 [Build: 1442913547],Windows,qBdVDaq6KdRBago4oxqd2E2vnepEu+/i1s6nSPfQm+3Wyd6gwmOomFrU7vNR0cmqu4fPvyWb9CnfYJmqPheHAQ==
Stable,3.0.18 [Build: 1442998335],Windows,vUgm8mJoeVLBG6qB2HcYF7YNG4D+H/4edILaZbHze2Unua6mrBvNmbtRkRtmRyDZSd7sVQHMApinRDgGT1mUBw==
Stable,3.0.18.1 [Build: 1444491275],Windows,xqfa3CUd2GFiTqjJWYzcu9ZbxVVLng8qIMKlVxMqWdiM8JrTRiXBAaTBDd8Xc+flVe+rGSIOZTkXRsz1rqjiAA==
Stable,3.0.19 [Build: 1445263695],Windows,z2CS87ly6Z6AHMVfs4UjhL+xobHbr/QcjjvudTL7mfrfSwe4Bm0pBaoWw+xlo8Qvtkk1OQeYjZxwUXJOJJ1wDQ==
Stable,3.0.18.2 [Build: 1445512488],Windows,F0hY25Dtja0wcU6dzC39rNuYbhnDAbIwPHC3VO9Oicf13kUY2I2g6scPZ3p195Cw9gUYdBIRYm8ucHEhtSeWCw==
Stable,3.0.19 [Build: 1455611032],Windows,oFIR1O/nAb4DYuJFlHQ+KgpljBKdle59E4+iNSneNp6RmhGc/I2W/sUIkkjPOlnWO/7SVCGG+KRzmQPrlvggCA==
Stable,3.0.19 [Build: 1457598290],Windows,FNmch2Flbwd+UFBd5i8obSRyV4MZlAjYsljWzklqWFOE+exiYYJqYGH2mT7+CmaxwJkzVHlggykRMIuwj9wTAA==
Stable,3.0.19 [Build: 1459504131],Windows,JoHyZHF4k/a3+QH1zPNSEzc40487fzbpssyRZtoWB5kbQorAJgwlpcScA08J4vjGoUbdaTZsT0vCw56wo/Q9Ag==
Stable,3.0.19.1 [Build: 1461588969],Windows,KYo52MA89dowkYpFU1KixgHngjbJ6F2Yi++5tbaqBlBpz9YikX2gI3sqmU1kP1ghsKCLKM7o0patDH1hv9bmAg==
Stable,3.0.23 [Build: 1463662487],Android,RN+cwFI+jSHJEhggucIuUyEteWNVFy4iw0QDp3qn2UzfopypFVE9BPZqJjBUGeoCN7Q/SfYL4RNIRzJEQaZUCA==
Stable,3.0.20 [Build: 1465542546],Windows,vDK31sOwOvDpTXgqAJzmR1NzeUeSDG9dLMgIz5LCX+KpDSVD/qU60mzScz9tuc9AsLyrL8DxHpDDO3eQD+hYCA==
Stable,3.0.19.2 [Build: 1466597785],Windows,sDOzu7rCGb7kBID2WbBk35DjPijKkXzujnsAtLhXxhkQ+am0JlDOpuU1ISHhq9gCl/Qo0dzc723o0AIPI+yoCQ==
Stable,3.0.19.3 [Build: 1466672534],Windows,a1OYzvM18mrmfUQBUgxYBxYz2DUU6y5k3/mEL6FurzU0y97Bd1FL7+PRpcHyPkg4R+kKAFZ1nhyzbgkGphDWDg==
Stable,3.0.19.4 [Build: 1468491418],Linux,jvhhk75EV3nCGeewx4Y5zZmiZSN07q5ByKZ9Wlmg85aAbnw7c1jKq5/Iq0zY6dfGwCEwuKod0I5lQcVLf2NTCg==
Stable,3.0.19.4 [Build: 1468491418],OS X,Pvcizdk3HRQMzTLt7goUYBmmS5nbAS1g2E6HIypLU+9eXTqGTBLim0UUtKc0s867TFHbK91GroDrTtv0aMUGAw==
Stable,3.0.19.4 [Build: 1468491418],Windows,ldWL49uDKC3N9uxdgWRMTOzUuiG1nBqUiOa+Nal5HvdxJiN4fsTnmmPo5tvglN7WqoVoFfuuKuYq1LzodtEtCg==
Stable,3.1 [Build: 1471417187],Windows,Vr9F7kbVorcrkV5b/Iw+feH9qmDGvfsW8tpa737zhc1fDpK5uaEo6M5l2DzgaGqqOr3GKl5A7PF9Sj6eTM26Aw==
Stable,3.1 [Build: 1472203002],Windows,0HO60MuQm1Emn+G+ai8aJWFwcFF/y032y8pnoFGSgtMZE8RfuEmb+epDHoXlSHVwHaWy6pAafU5GvzAtKmFTDQ==
Stable,3.1 [Build: 1475158080],Linux,G0j7r7DswTMF+Fuqroy6/BR+tn02AOy0IZPlg9ZIW6r2m79yudZgrbm1TB4XoUpiFfex3ImdjOQnaFRQPONpBg==
Stable,3.1 [Build: 1475158080],Windows,jVCy5/F04fJ1aFFiHPXClAwNNHy9V9VcQP/b4kwPBTs242hqt4hyeK8kw/iFnTBtvdE44lv7ug4exrrXAh6jDQ==
Stable,3.1 [Build: 1476372595],Linux,rJDhRKN4NZhUZDVVK33cIvBrxCyc/UT4casQfBAkD8c6ZgL0J48BYIRPnGGAauwZyJtEyJieuZUiMRrZ1t6WCw==
Stable,3.1 [Build: 1476372595],Windows,RFV+pRwf2vMW/uflREuz0PE1K4J/EnuGq36DSggBF6wCjNmLv4IHokyb4rN16LW/EWZ8ny1zZrfdp9oRtb99Cg==
Stable,3.1 [Build: 1476720122],Linux,q5nPwQYNVpRIHr3kIjDECqgI55XRRjJnwuSQF7oNDO19KObGUtLiOpvnH70/5lQV/LnTW+Y8MOAep3UF4gRuBA==
Stable,3.1 [Build: 1476720122],Windows,Vvypi6dNQifos6pVSYKx5tQJSS/fyx4/3N8RWLnoLqSqrOiwepc4pLd3F+mafm+dSC996FQNNATGDPGPxsB/Bg==
Stable,3.1 [Build: 1478701553],Linux,BDP8PGSwrXJjyZAX2FUPnII72ovKOO12cr0B17cUS7Kvueuk5xRi6cC7q+sz8yOOV/+JIDB/RZix3mkSeAVdBw==
Stable,3.1 [Build: 1478701553],Windows,6M7zXboPykVY5FP1LFeDho+BtAoWXKiT5gyIzRxm/Ht8BY+dVFTLEnGrzEFwHEjo8ux0ZVAE9uEwqVCEcvYMCQ==
Stable,3.1 [Build: 1480583762],Linux,4TE9KGToLdye1zZzEz1OSjF2lsSRJUtcRB00nNvdSrhNCJmpyuSyTu1NSJxLnOud56B9MF2z2EQo4E99rRqBDQ==
Stable,3.1 [Build: 1480583762],Windows,IGq93SEt29FgghlMGD290LEsWBxQ7gW+qZy9Qok1xUiWGsxVSivYrtJ37V9jCA5pSAD3XOXui64+6cLiUN5LAA==
Stable,3.1 [Build: 1481795005],Linux,xpJQcdaIImbctnJw0PnLQOIZBcmN+HDGcjxoIW8So7SSdSYLyUI5lAECWaCewbYmNKqaO85YqXPiNXfOBM5fBA==
Stable,3.1 [Build: 1481795005],Windows,3TpZZM0V+PKHELFnsfRPoKjEFfvfHUL/6mUP5LHbI3nvmdOjRqEEKi4ndXZG6OpWOKQ3VeadHDH0KBfD8EI2Cg==
Stable,3.1.0.1 [Build: 1484223040],Linux,xWfxm14Vw53mTMHuzeaIM428KkoI/2wuoR4O2TIuy2Q7ZpwaN48vG0rMJbUQNVycP8rRHg+bIGuFiJai8f5dDg==
Stable,3.1.0.1 [Build: 1484223040],Windows,oaaorJ4co/sS2m5JT5oRiu9AieW6kfFY+RENqPfp26iP4pbWbf9GcZj+JhDA+/JyLpfueCcSulZSRRbash2JCw==
Stable,3.1.1 [Build: 1486051051],Linux,UvsdbWQht3KHW2bdgfSYsh25G2091NE5MK4qbhmajLt2+v8ikreJGfnEsVACn54htHKhp59SnJTWly9m3c1yCg==
Stable,3.1.1 [Build: 1486051051],Windows,41Ed+R6kN3IRMzxd55wiGjKlz0Kj5txi2j/K/fO86dbE16sTTWU60/5Qom61p0OzjKXn8rSptl+2q+838lKVCg==
Stable,3.1.1 [Build: 1486485240],Linux,NAyvIAYKfS8I/e8zug/XXg8XEbjjFJQ7CjRFaBQKLoPF7W8GfTXqGzFdIRmllg9GLYKm93kEf+dCFNzkLIagAQ==
Stable,3.1.1 [Build: 1486485240],Windows,CZIC/dYL5ntRZZKoa5OFf6sJUU+Fh7nyI2dSegOxoLO0kJTkVVp8FZ23j/gOKvFZZyToQRkmNvHnBAYbp9XsCA==
Stable,3.1.1 [Build: 1486712038],Linux,umeERdZkG9pS3oeJTirnYK9Q947j8lVlszz2VXBPcjhQrsiKFM6lIkbj3K2HSqA/hJ+sUOcuZgo880PmU6ZdCw==
Stable,3.1.1 [Build: 1486712038],Windows,sryyx++NhRWKDAo+Tnwv9N+IrOaQBP0XjjDszY0BBv0YIMr4jmdHtgrwzWkUqhU7kfql7qBWIhlb/r0l1ZHeBw==
Stable,3.1.1.1 [Build: 1487668590],Linux,0B4RK2WOu5w39+CLznQtaexYeNqqBwU9YHBvSLw3bu+OAne8XtFc2NJzepjynrxwc1/xsmrm8uEZJzqzF+TcAg==
Stable,3.1.1.1 [Build: 1487668590],Windows,CchjMitGiVGfRlGph0D1mDjOCJCnkVxR/WuYvNHdPyeQUCncRWML8jYxYfnhRF6CzViwYRnsmZkN+W5oenB2CQ==
Stable,3.1.2 [Build: 1489662774],Linux,W9TgKEviDgWvrQErw8vaoQcPboaUx8xRL5MPoQzlur9eO2yseHgvzkpWGYqSQyCI+ptcCpTHaXRFym0imKnfBA==
Stable,3.1.2 [Build: 1489662774],Windows,5Aaj21gGFtrjW9424ezfLa1SMQBpZvgQgcJLZmrLoNMe4XebBPV2s8rxEDAIodfFpruLxLFbFpH63A/BGnJyDw==
Stable,3.1.3 [Build: 1490279472],Linux,Y1M2TQvKLGmUSP4YPuTBQOeUxmF+jaqazFXuN4v2gOKP8QmxyYOsg9PsG9z7SFYQkgneQxs8QdzC+IGo0bOWBQ==
Stable,3.1.3 [Build: 1490279472],Windows,7RPY2bzJmMdgVX24VuKD3lTnYYb6yHWqfn2x21tFOjXL9q+2t7tU9Vy8Bh5/IpeiqklUHTWc23mWpYOCoW9eCA==
Stable,3.1.4 [Build: 1491993378],Linux,wJPx0S2Q2S8EgSEpZhu+Yp80d6xVQDX5u9DYgm7XxI7sh7gJIoBbdaE5cfjwR2UN6XFyV+V/2AV4stB3CxtgCQ==
Stable,3.1.4 [Build: 1491993378],Windows,rwdyEwnJCzbVfNCqbxMrRyhL5BSYqYSzKQkeZ6m5KImc1F8VB8wEkwwwyxoG7SimC/sxIyy4h27CjBFP6rcgBQ==
Stable,3.1.5 [Build: 1496989945],Linux,874htNIqcKQfggAbYrkm3OaJAaqIgWmdqKxQUpi+g1+2+aFf9Uxb407ikxG6p2Pgnk8v9Oo/chpX7E7ZCUvfBw==
Stable,3.1.5 [Build: 1496989945],Windows,vCK7AxxVis7dQyEy5dwV3+ctSX3RUudj6OoQLW0AUDkYzkr1zp17srD6BQNZUBpaQRCQJqqDsCT4dYIpxt1vDQ==
Stable,3.1.5 [Build: 1497432760],Linux,xbASm01EnV14LfoXSPARGULDZRzsn8aqQkkGuHv3efXKc4hDCVOcFglYFi/aDbLc/KkAJlHo0WEvXZHNOXlcCg==
Stable,3.1.5 [Build: 1497432760],Windows,9yBvw4TOcihVsVlN37Gf3bV4EF1nyLMbcq5E+7WbootiDC+GNEA8oDRSeGadHhquf/B4G2CIDhhvjYW/X6+rAg==
Stable,3.1.4.2 [Build: 1498644101],Linux,Rv3SzHDwLIkuUqySQhn279jf2b7PPzCQH2q53zHWH5qyFL/Qw4m/n7ZrXEF46/sUSpOPFPYjfKMKcN/9IRCoCQ==
Stable,3.1.4.2 [Build: 1498644101],Windows,WtscrpvJG13kbF6aoVzsGwQuE/WwR1b8++ydDc8IpmiXLw+zFC6zFUvLinOeE0zZgh2Hs5Amp3DZoPJSynOWBg==
Stable,3.1.5 [Build: 1498740787],Linux,pMgKa82Qhu+5V/S7EWv0+sChqG3Hcy8k5cp1EN6TG2wiZWZAoWR2GLC5CW4+SS4fRUrLADnR+PaEjB46N3T0Dw==
Stable,3.1.5 [Build: 1498740787],Windows,iL8prlQuMXIMBJrszzjyPa7k36GA9DsyVEOg5L9uoK/EFc5lXH4Pv6TYj4yPZt3p6cd8OMkPfuHfXj5bn8fpDg==
Stable,3.1.5 [Build: 1499699899],Linux,cdnb57y0GEtvwgHoubRU9f27CEeoA4iho0JuAzmdFrTArFrFSlI9kGKuypVgjKGhv/+HcVzDCj/ncM8X567xDQ==
Stable,3.1.5 [Build: 1499699899],Windows,muYzth+vZLUobeluM0GMW/U59T34gn70zVpvnIyT5ADWlcsRQ3Ex0t2iqz0yTqcgn7/e0wAmqS3OLL2ctFT3DQ==
Stable,3.1.5 [Build: 1500360741],Linux,lCOva9P9UYmAUw1s6je2f8/44GQjj1ijeK7PadhYCY+oJp9nu1gy/MVD5xAkIuYwuJlOhac3JeBg8XdEOUAMDQ==
Stable,3.1.5 [Build: 1500360741],Windows,0mCCWSFXyuWqKLM95/b/8seOCljvFCuupu5tst6G7hzTWQlPIdlsypdnEW+uN7XJwKacdQ3axHEmiTo6GpcXAQ==
Stable,3.1.5 [Build: 1500537355],Linux,Ea/9gUeh5HuXyiOZ+gRDPOn0rDHzXDVSYB70qy/BtczJPZn/0dDwQgRAF7/W6vHcaH67j+IF9AtUpuDCA6yzBw==
Stable,3.1.5 [Build: 1500537355],Windows,O9WqHB9oX0qe9AXIYmJm0+mzl6VLxNvrGF0lGlovLaig5MXUIwd6T00NkCj62OkBbzM3eECs9FUuJk7N8V0dCg==
Stable,3.1.6 [Build: 1502264952],Linux,P5cZgEH0ZHNdWRHLnXVwIe3xUB1jTqP3ptwqLkTqdA1d8maBliXF4uWVXYvcWF8vG10zhksMiHuhsf/v62L7Cg==
Stable,3.1.6 [Build: 1502264952],Windows,3l3IQ5y4PHAMro9/i2UqBT7xGZUE7sUcyjqWdhG+5AYhnVC5GuHnv4l44TtPneEcxWIYXFtoFlr2rlPhFwrkCw==
Stable,3.1.6 [Build: 1502873983],Linux,o+l92HKfiUF+THx2rBsuNjj/S1QpxG1fd5o3Q7qtWxkviR3LI3JeWyc26eTmoQoMTgI3jjHV7dCwHsK1BVu6Aw==
Stable,3.1.6 [Build: 1502873983],Windows,73fB82Jt1lmIRHKBFaE8h1JKPGFbnt6/yrXOHwTS93Oo7Adx1usY5TzNg+8BKy9nmmA2FEBnRmz5cRfXDghnBA==
Stable,3.1.7 [Build: 1507896705],OS X,iM0IyUpaH9ak0gTtrHlRT0VGZa4rC51iZwSFwifK6iFqciSba/WkIQDWk9GUJN0OCCfatoc/fmlq8TPBnE5XCA==
Stable,3.1.7 [Build: 1507896705],Windows,Iks42KIMcmFv5vzPLhziqahcPD2AHygkepr8xHNCbqx+li5n7Htbq5LE9e1YYhRhLoS4e2HqOpKkt+/+LC8EDA==
Alpha,3.1.7 [Build: 1510583507],OS X,OmMyxPhOHzkVKzOmy8U8CivSF/c3f8bYMhdAPLHVM6k2Ws69IzMUntr/yilFw4w6hni6Bz/Gd8Swe1L2YqCtCg==
Alpha,3.1.7 [Build: 1512049856],OS X,CRpQYBwQr5L0vU9os6s/U8e1X7kvGAnc8iUQ67TKxywSwH7cfPRooLCTOVtevt6g0Xs2O+C1t/DS7wzyOHmHDw==
Alpha,3.1.7 [Build: 1512141423],OS X,PP+/cBUDtSyV0k7lm8aYvYWAs28KL+KmXa+f0pUpDqjQDKy8dnDzJp16F4YGJxJ+2ODGPkp5YQYwts3m8T7+CA==
Stable,3.1.7 [Build: 1512391926],Windows,n2Ntx8GVlLGTmMCILg4QbXkMA9CI5FTSfa3LcrOsz07pK4FEPHa3u8eOD0g9rFMdmQSia4jYyMDWR1KomIkRAg==
Stable,3.1.7 [Build: 1513163251],Linux,/j5TZqPuOU8yMYPdGehvijYvU74KefRrKO5sgTUrkpeslNFiy4XfU7quKW0diLHQoPQn1t3KArdfzOAMk8dlAg==
Stable,3.1.7 [Build: 1513163251],Windows,tdNngCAZ1ImAf7BxJzO4RXv5nBRsUERsrSOnMKVUFNQg6BS4Bzag0RFgLVzs2DRj19AC8+q5cXgH+5Ms50mTCA==
Stable,3.1.8 [Build: 1516099541],Windows,nwdwhrNjGH5IhaNoYGpJOKl0jsSYmq5f6jb0Y7ETfNNf+NqF6djEd6grCUlR7moKnkFdpRFazFsZD3E+dze9Bg==
Stable,3.1.8 [Build: 1516349129],Windows,scnT3q9ViDVUSKceKSPQ4p50He1m0tlT9FsxSj8YMLfOoh50SKbqZEzrRTJ1aGwsGYb8x88JhjdlhDBRPhwhCQ==
Stable,3.1.8 [Build: 1516614607],Linux,LJ5q+KWT4KwBX7oR/9j9A12hBrq5ds5ony99f9kepNmqFskhT7gfB51bAJNgAMOzXVCeaItNmc10F2wUNktqCw==
Stable,3.1.8 [Build: 1516614607],OS X,93J+FDUbtRjonzFnQpGdgN6+o4jwI2M65zEKftQILCdZlGHGfc7z5Z9+TM6nU0/pnPgTqvKmaw9WYPsh88iCCA==
Stable,3.1.8 [Build: 1516614607],Windows,gDEgQf/BiOQZdAheKccM1XWcMUj2OUQqt75oFuvF2c0MQMXyv88cZQdUuckKbcBRp7RpmLInto4PIgd7mPO7BQ==
Stable,3.1.8 [Build: 1516865456],Android,sG/qsKb9iZpBRXFSYY2Tuq7ZLUKHcmgA/6Qe/cx35L3risqoH4aGkPkDicuKtaQi8Ikh4IrQz6xe7V49M+8VBg==
Stable,3.1.8 [Build: 1516887927],iOS,pdWyIOpTWECIdA2NExrjqY1a7Q0alFyU7MgiDJYdiUXAspusOHwMIcfKm7oAh+Ty2gcgVgOh8wAPyZcKFKYXBA==
Alpha,3.1.9 [Build: 1520246719],OS X,gTeib0sqVKETwmYTAD6rrzgmqDHE/smMgOPTiuHPj6218mgPkhWuRWAE8pD+gm3cLMBfRl/2XlllMViYbok0DQ==
Alpha,3.1.9 [Build: 1520591856],OS X,3Kf8a0ShGCPKCnSREnJe40BxQ/jBPoBx2qFM5JDYHsQPPsL1sg5seapmMBdYoqMnkYYK5IHN0eSkrnwzXTPpAg==
Alpha,3.1.9 [Build: 1521637641],OS X,XljC4PFgstQBBbk1dPwGWSVK4eGIJCURlbONVTkGsatSXhDqfNdpLabDbEkxc1FTjcnNUAzNwDG3rn7uiFZ1AQ==
Alpha,3.1.9 [Build: 1523609596],OS X,ZtO4KjCcr1J/+ENQdwao8kheUQkcIhOahr0MmnToGRoUtVpVdXVLYn3esU2i3rG6XLLpfTU7lWUAhlWw6G3kDg==
Stable,3.1.9 [Build: 1525442084],Linux,wBcnfNU7FA0CvFeisKhywZWzmUqD6IBFbYQTveMvxWowXUjWwNHTg9tbRLQ1YgBFDdlOwV36VMX7aAMXMX2rAA==
Stable,3.1.9 [Build: 1525442084],OS X,WVaMmYPig4eG2JUM8cMMW2MA7+IoRoPUSr74CPe7oS8TLHGjYxPr1FP88op6YsFFQrPJysWmIsnGR7BiFXjHCQ==
Stable,3.1.9 [Build: 1525442084],Windows,2SLjPTFXM9hQyNkeEGYIzs0fkBffyhsh5z+ZuaCcZdDfM8vgRM5lrAU6KNspFjLddcvw8cXw6gxRY73ZHsRVBg==
Stable,3.1.10 [Build: 1528537615],Linux,jEfjYy09JfbJPZ+W3fwqygOu8uuc5raYTGpbJ5F8dHLHpqUfvmCyJVKoXRieMNkmPzeiylsUc9/HiV+8bt8tDw==
Stable,3.1.10 [Build: 1528537615],OS X,AJMF6gyw5DBtzAuW7aA7YcZaLIgOHFappwzWtE+0UUMYgMjMkSZ1LewDaW3YyRDHuLG5Nb7X26VNhFNZu+ohBw==
Stable,3.1.10 [Build: 1528537615],Windows,+/BWvueikGg4YkO1v2uuZB5vtJJgUZ5bL8cRfxAstfnCVdro2ja+4a+8rGUzDx8/vvTZOUVD6U95hnWb638MCQ==
Beta,3.2.0 [Build: 1530183207],Windows,6LYlvxFIPCVnYmmFd64H8SRmxsX+y3IZOe9ju8PbZLI5j2K7ni6Z0BfEyhVprYP9VA5o4bXVrV+uNbdGSKnjCQ==
Stable,3.2.0 [Build: 1531390529],Windows,OLjamtIbU0PxYhLtSQrYbi1yhZZrJbGAGQJFNtZ4DZ2Ae2eeudQWY2Y8r0T27rLNckdyFqPydX0PrxKHxnZ6CQ==
Stable,3.2.0 [Build: 1533289185],Windows,757W7J3m6dYThNzDTLZzHfbU1bxqcKyTqjZT8OOZj+GQsyvrUhZhBe961sTqH1zZaNYuzNKyzeIXL+pAS9iGCw==
Stable,3.2.0 [Build: 1533739581],Linux,Vt+iPp952TU4uKwGXY0L61mXgBNfXg+1+16fnS0snPU9fhkfOKzdPN4rBELOwJ5XzZc33KdVC8rzZGYzlQceBg==
Stable,3.2.0 [Build: 1533739581],OS X,WkySbYMiHN22ra3Y1cktHyeNikQ4fZ0K++8brc+8ImYhuzrmuzeGwL+QNaPJNty7stTNCfRUSpDzVAWz5TYQCA==
Stable,3.2.0 [Build: 1533739581],Windows,TJ1XoCjQz+VxW15qiGInWf5llTBtVu+2m2ShbY0/HWTM7adLyfThq7wzSgr09Fvowibvu91nOFxTlIpPXCAVAQ==
Stable,3.2.1 [Build: 1534255236],Linux,betw82OYRNjyhXDHmmUKwR6xfvyPHBMdkn+jukQKNG8PPLKOfLFb0OAMXPZxp9n8gio840gFowwA/jnbg/OMBw==
Stable,3.2.1 [Build: 1534255236],OS X,AWbZhd8XH+s7uu5Qkb2QkdDcc9/WXfNu2iKWD+e6m2oTrOmI1Jt55SsyDTvkpBpumnWsrtR/GI2nK9HbmFhGAw==
Stable,3.2.1 [Build: 1534255236],Windows,RtNOb2UrlXwwy3lplxRilvknygxamwb3eKlRRAsG5YjrMEikStl/Sf+oJgFUFBBMSJ+q+xPx3+xfOmMxAkB8Bg==
Stable,3.2.0 [Build: 1534407950],Android,rY2Hhki/5tJZW5YyJI6S9o9zuU4IGFpONwR6JBJ3Q7Pukfj08z2brFwCmGR61RzH8IaoPxoAWXIHQoHp6fUABQ==
Stable,3.2.0 [Build: 1534410132],iOS,BIWgZdgGSu6yPwCiEDQuORaLRqV1Z17ZLcxYdLqM2hfWXiKwBOO/j5eH4IH7LGubFfDwdGcVW2RUYKATpaJAAA==
Beta,3.2.2 [Build: 1535010838],Linux,7uY1DWoJD2x80002ha6jSkNRXGcfHAqS9hdJz80JjafvhmxlhQKSwfsofFjEq10TI8LFbhLdv7TQxd+gPyNEAg==
Beta,3.2.2 [Build: 1535010838],OS X,qvbU2yq0wzSxPLPClraVmriM1Z+yB9qq5UzQ+gxuwE6dG8k/eosJH9xBhL7bhgcJKRgY2vsL00vbiLk19c+rBA==
Beta,3.2.2 [Build: 1535010838],Windows,ZUdctNEUa/SrRrXbqFCESmKIVDJj0nJrO0vwvxDNJGB/p65vf5GqvX9p625FOXO50dxxHPIIAvJDEjM/TxeuBg==
Stable,3.2.2 [Build: 1535459906],Windows,ErpAeuVpXF2IMeqeCTdoaKLEKSbQkquGlr/QsohLnxwcqdW3ltuPXofu+nJRK8IgRRyDfockqDOHSSud8hRYCg==
Stable,3.2.2 [Build: 1536587534],iOS,4rsRo3H9Uw0kui/cQkaBiqYy8ox6/gC6jDUVktcB6I71m1TeqUYy/IYMYbNSBtv0bmKntvcA0ZU79+zoXUkSAg==
Stable,3.2.2 [Build: 1537178465],Linux,P2NaVyWrk5AkG1KE8hTPCT6J0ql0NzLeeII4BF3WarfVjDbekqKu2sQfO7W3OSJKN3cH8w5470csP4LZ+hrkAA==
Stable,3.2.2 [Build: 1537178465],OS X,QbSOeAPhPHgZKykNbEAlzGLZe8w+ulxcZXbk07wOBGLK/vWCfQlyIDPUK5DipGBUfRY9yJvxfUx7g9b5dU8aBw==
Stable,3.2.2 [Build: 1537178465],Windows,LHJV3O+hoZZlKWDPKH4ZMCoPUarYWwnaUgfMP+Xdm/4sY5NYUYjkVQaU4FS4pqxii5jx6O4cFToG7ekFB53NBA==
Stable,3.2.3 [Build: 1537790492],Android,qLdDfrZyNIdl1pDYtyrGbOLZK/Yi/i8PE/a7QOInsEa5/RBz+HW8EBGPvazz+lLZbHrBXyp875NyrKtLnc4dDg==
Stable,3.2.3 [Build: 1538467030],Linux,pEBdtUvRUmczMmHZM5xmeZuiRP/Kb/H2YShNKGpaat8aPTmG5EF+zsbjUFNWW4tnt43Yard0bWDUsrJ9/mmjBQ==
Stable,3.2.3 [Build: 1538467030],OS X,yr8F54NuExnwarhvcJ27f3LvDop1wqwrhyqEVvpliRKi0hLD3e+cW2mJWRkq0eDjPRQ2kzPvBst9yNH1MsuYAQ==
Stable,3.2.3 [Build: 1538467030],Windows,dZ1i/CsCaAh4F7Pi2F/FfaBpdTmUuNVsAIRnqm86FUR3HhwBRn+xlmbwRF8gObgFMuwFMCLmawncFWplSILKAQ==
Stable,3.2.3 [Build: 1538494750],iOS,YgRxbZGpaxVAPuC3bln8HiCdgyx8EgM37H+VCSjZnn+05+lo1w74P9LFHSVqr1NBuB5YtKNWp0xjHRbBZVJtDQ==
Stable,0.0.1 [Build: 1543011433],Windows,0yUT1LLSAOTAMPiBGOAq6lUPnXv2N49clNjQ8MSmhNQmI2lFP1LT4Vo3XTuZ0QX5IBQBxnB9nJooV2Te11HhAA==
Stable,0.0.1 [Build: 1543414034],Windows,MoJT06d4BNOJrTlC9EnTi74rpu2rv8TKvXck1FlpNfB1IQO2DgZpHPjQbcpMnkstYFd6WBWVJvM2GAr71K+VAw==
Stable,0.0.1 [Build: 1549639384],Linux,iyFuMGDAoSE8LnZuV+ezxQ0iP1dgY/4FB9yZIe2emUnS/go5HA9zx945Clwi7zO/U5xgTLGxBQvDD/IONLS+BQ==
Stable,0.0.1 [Build: 1549657968],OS X,8usYZFvBvzaRRLu7EWPT4k3/7Ikhhla/Q53Q/qzxBPH4E3LoJFg1OH+IirFlTNze518j/Qx2ZyJ2RS1oHrAWCA==
Stable,0.0.1 [Build: 1549713549],Linux,7XvKmrk7uid2ixHFeERGqcC8vupeQqDypLtw2lY9slDNPojEv//F47UaDLG+TmVk4r6S0TseIKefzBpiRtLDAQ==
Stable,0.0.1 [Build: 1549713549],OS X,xNaB5RLET+B+Y02CirR0S+qEKUqwhgQqOAbg3QHDeekc1bl+bJ68FDJUW0LZ5ewY23Vrm5LtXpRCloKIoDUrBA==
Stable,0.0.1 [Build: 1549713549],Windows,OgAHgZJmuhL/SMIbmWzGNqvJ47cOAWHSVAcYDxTJswU/B6zzEDD+kB711uqlyFH9JDZb1tbzbi45+NlcMwlJCA==
Stable,3.?.? [Build: 5680278000],Android,AWb948BY32Z7bpIyoAlQguSmxOGcmjESPceQe1DpW5IZ4+AW1KfTk2VUIYNfUPsxReDJMCtlhVKslzhR2lf0AA==
Stable,3.?.? [Build: 5680278000],iOS,XrAf+Buq6Eb0ehEW/niFp06YX+nGGOS0Ke4MoUBzn+cX9q6G5C0A/d5XtgcNMe8r9jJgV/adIYVpsGS3pVlSAA==
Stable,3.?.? [Build: 5680278000],OS X,SttEnjoWE8jqIM6BOHSfiZP9DGjW0EP/ajU4bdKqgGMV4aYq/kzwVA9gxbmdIzV4lbaokvXBqrRjfBHrTVh8Cg==
Stable,3.?.? [Build: 5680278000],Windows,DX5NIYLvfJEUjuIbCidnoeozxIDRRkpq3I9vVMBmE9L2qnekOoBzSenkzsg2lC9CMv8K5hkEzhr2TYUYSwUXCg==